<?xml version="1.0" encoding="UTF-8"?>
<!DOCTYPE hibernate-configuration PUBLIC "-//Hibernate/Hibernate Configuration DTD 3.0//EN"
"http://hibernate.sourceforge.net/hibernate-configuration-3.0.dtd">
<hibernate-configuration>
	<session-factory>
		<!-- MySQL -->
		<property
		name="hibernate.dialect">org.hibernate.dialect.MySQL5InnoDBDialect</property>
		<property name="hibernate.connection.url">jdbc:mysql://localhost:3306/miniprojethibernaate?useTimezone=true&amp;serverTimezone=UTC</property>
		<property name="hibernate.connection.username">root</property>
		<property name="hibernate.connection.password"></property>
		<!-- Hibernate -->
		<property name="show_sql">true</property>
		<property name="format_sql">false</property>
		<property name="hibernate.hbm2ddl.auto">update</property>
		<!-- property name="hibernate.transaction.auto_close_session">false</property> -->
		<!-- Entities -->
		<mapping class="com.camaratek.entity.Produit"/>
		<mapping class="com.camaratek.entity.Etiquette"/>
		<mapping class="com.camaratek.entity.Commande"/>
		<mapping class="com.camaratek.entity.Famille"/>
		<mapping class="com.camaratek.entity.Client"/>
	</session-factory>
</hibernate-configuration>